id,loan_id,version,created_at
1740,1738,1,2026-04-07T19:39:38.456846+02:00
1741,1739,1,2026-04-07T19:39:39.317185+02:00
1742,1740,1,2026-04-07T19:39:40.082311+02:00
1743,1741,1,2026-04-07T19:39:40.672651+02:00
1744,1742,1,2026-04-07T19:39:41.262659+02:00
1745,1743,1,2026-04-07T19:39:42.172676+02:00
1746,1744,1,2026-04-07T19:39:43.066448+02:00
1747,1745,1,2026-04-07T19:39:43.549821+02:00
1748,1746,1,2026-04-07T19:39:44.189119+02:00
1749,1747,1,2026-04-07T19:39:45.074544+02:00
1750,1748,1,2026-04-07T19:39:45.699440+02:00
1751,1749,1,2026-04-07T19:39:46.435388+02:00
1752,1750,1,2026-04-07T19:39:47.052169+02:00
1753,1751,1,2026-04-07T19:39:48.091978+02:00
1754,1752,1,2026-04-07T19:39:48.627252+02:00
1755,1753,1,2026-04-07T19:39:49.242760+02:00
1756,1754,1,2026-04-07T19:39:50.268155+02:00
1757,1755,1,2026-04-07T19:39:51.038226+02:00
1758,1756,1,2026-04-07T19:39:51.495456+02:00
1759,1757,1,2026-04-07T19:39:52.340121+02:00
1760,1758,1,2026-04-07T19:39:52.951911+02:00
1761,1759,1,2026-04-07T19:39:53.569866+02:00
1762,1760,1,2026-04-07T19:39:54.020154+02:00
1763,1761,1,2026-04-07T19:39:54.634506+02:00
1764,1762,1,2026-04-07T19:39:55.366608+02:00
1765,1763,1,2026-04-07T19:39:56.103323+02:00
1766,1764,1,2026-04-07T19:39:56.566911+02:00
1767,1765,1,2026-04-07T19:39:57.029893+02:00
1768,1766,1,2026-04-07T19:39:57.491233+02:00
1769,1767,1,2026-04-07T19:39:58.069368+02:00
1770,1768,1,2026-04-07T19:39:59.365218+02:00
1771,1769,1,2026-04-07T19:40:00.301715+02:00
1772,1770,1,2026-04-07T19:40:01.161906+02:00
1773,1771,1,2026-04-07T19:40:01.617540+02:00
1774,1772,1,2026-04-07T19:40:02.083548+02:00
1775,1773,1,2026-04-07T19:40:03.005993+02:00
1776,1774,1,2026-04-07T19:40:03.977291+02:00
1777,1775,1,2026-04-07T19:40:04.484590+02:00
1778,1776,1,2026-04-07T19:40:04.934120+02:00
1779,1777,1,2026-04-07T19:40:05.558452+02:00
1780,1778,1,2026-04-07T19:40:06.425503+02:00
1781,1779,1,2026-04-07T19:40:06.908039+02:00
1782,1780,1,2026-04-07T19:40:07.778694+02:00
1783,1781,1,2026-04-07T19:40:08.960058+02:00
1784,1782,1,2026-04-07T19:40:09.502739+02:00
1785,1783,1,2026-04-07T19:40:10.295606+02:00
1786,1784,1,2026-04-07T19:40:10.933201+02:00
1787,1785,1,2026-04-07T19:40:11.769139+02:00
1788,1786,1,2026-04-07T19:40:12.672188+02:00
1789,1787,1,2026-04-07T19:40:13.313496+02:00
1790,1788,1,2026-04-07T19:40:14.015800+02:00
1791,1789,1,2026-04-07T19:40:14.958594+02:00
1792,1790,1,2026-04-07T19:40:15.653090+02:00
1793,1791,1,2026-04-07T19:40:16.274570+02:00
1794,1792,1,2026-04-07T19:40:16.934163+02:00
1795,1793,1,2026-04-07T19:40:17.463363+02:00
1796,1794,1,2026-04-07T19:40:18.294523+02:00
1797,1795,1,2026-04-07T19:40:18.864056+02:00
1798,1796,1,2026-04-07T19:40:19.313149+02:00
1799,1797,1,2026-04-07T19:40:19.951191+02:00
1800,1798,1,2026-04-07T19:40:20.761612+02:00
1801,1799,1,2026-04-07T19:40:21.635770+02:00
1802,1800,1,2026-04-07T19:40:22.651123+02:00
1803,1801,1,2026-04-07T19:40:23.420442+02:00
1804,1802,1,2026-04-07T19:40:24.078581+02:00
1805,1803,1,2026-04-07T19:40:24.855992+02:00
1806,1804,1,2026-04-07T19:40:25.626716+02:00
1807,1805,1,2026-04-07T19:40:26.134520+02:00
1808,1806,1,2026-04-07T19:40:26.600652+02:00
1809,1807,1,2026-04-07T19:40:27.661390+02:00
1810,1808,1,2026-04-07T19:40:28.502254+02:00
1811,1809,1,2026-04-07T19:40:29.455213+02:00
1812,1810,1,2026-04-07T19:40:30.111704+02:00
1813,1811,1,2026-04-07T19:40:30.926665+02:00
1814,1812,1,2026-04-07T19:40:31.374609+02:00
1815,1813,1,2026-04-07T19:40:32.449097+02:00
1816,1814,1,2026-04-07T19:40:33.085660+02:00
1817,1815,1,2026-04-07T19:40:33.527418+02:00
1818,1816,1,2026-04-07T19:40:33.967611+02:00
1819,1817,1,2026-04-07T19:40:34.565506+02:00
1820,1818,1,2026-04-07T19:40:35.192941+02:00
1821,1819,1,2026-04-07T19:40:35.919848+02:00
1822,1820,1,2026-04-07T19:40:36.363471+02:00
1823,1821,1,2026-04-07T19:40:36.826932+02:00
1824,1822,1,2026-04-07T19:40:37.455785+02:00
1825,1823,1,2026-04-07T19:40:38.520865+02:00
1826,1824,1,2026-04-07T19:40:39.208934+02:00
1827,1825,1,2026-04-07T19:40:39.878064+02:00
1828,1826,1,2026-04-07T19:40:40.790686+02:00
1829,1827,1,2026-04-07T19:40:41.716775+02:00
1830,1828,1,2026-04-07T19:40:42.358789+02:00
1831,1829,1,2026-04-07T19:40:43.091642+02:00
1832,1830,1,2026-04-07T19:40:43.724619+02:00
1833,1831,1,2026-04-07T19:40:44.283735+02:00
1834,1832,1,2026-04-07T19:40:44.882091+02:00
1835,1833,1,2026-04-07T19:40:45.345060+02:00
1836,1834,1,2026-04-07T19:40:45.950981+02:00
1837,1835,1,2026-04-07T19:40:46.581419+02:00
1838,1836,1,2026-04-07T19:40:47.166582+02:00
1839,1837,1,2026-04-07T19:40:47.636810+02:00
1840,1838,1,2026-04-07T19:40:48.418978+02:00
1841,1839,1,2026-04-07T19:40:49.015527+02:00
1842,1840,1,2026-04-07T19:40:49.508296+02:00
1843,1841,1,2026-04-07T19:40:50.111826+02:00
1844,1842,1,2026-04-07T19:40:50.571959+02:00
1845,1843,1,2026-04-07T19:40:51.014335+02:00
1846,1844,1,2026-04-07T19:40:51.602930+02:00
1847,1845,1,2026-04-07T19:40:52.393008+02:00
1848,1846,1,2026-04-07T19:40:53.221361+02:00
1849,1847,1,2026-04-07T19:40:53.674406+02:00
1850,1848,1,2026-04-07T19:40:54.400704+02:00
1851,1849,1,2026-04-07T19:40:55.126727+02:00
1852,1850,1,2026-04-07T19:40:55.870454+02:00
1853,1851,1,2026-04-07T19:40:56.792101+02:00
1854,1852,1,2026-04-07T19:40:57.557946+02:00
1855,1853,1,2026-04-07T19:40:58.542705+02:00
1856,1854,1,2026-04-07T19:40:59.168974+02:00
1857,1855,1,2026-04-07T19:40:59.648176+02:00
1858,1856,1,2026-04-07T19:41:00.478124+02:00
1859,1857,1,2026-04-07T19:41:01.092080+02:00
1860,1858,1,2026-04-07T19:41:01.672520+02:00
1861,1859,1,2026-04-07T19:41:02.282467+02:00
1862,1860,1,2026-04-07T19:41:02.747508+02:00
1863,1861,1,2026-04-07T19:41:03.433225+02:00
1864,1862,1,2026-04-07T19:41:04.041830+02:00
1865,1863,1,2026-04-07T19:41:04.481624+02:00
1866,1864,1,2026-04-07T19:41:05.079373+02:00
1867,1865,1,2026-04-07T19:41:05.543857+02:00
1868,1866,1,2026-04-07T19:41:06.512462+02:00
1869,1867,1,2026-04-07T19:41:07.766020+02:00
1870,1868,1,2026-04-07T19:41:08.234968+02:00
1871,1869,1,2026-04-07T19:41:08.865293+02:00
1872,1870,1,2026-04-07T19:41:09.448922+02:00
1873,1871,1,2026-04-07T19:41:09.903966+02:00
1874,1872,1,2026-04-07T19:41:10.873936+02:00
1875,1873,1,2026-04-07T19:41:11.500109+02:00
1876,1874,1,2026-04-07T19:41:11.984563+02:00
1877,1875,1,2026-04-07T19:41:12.622947+02:00
1878,1876,1,2026-04-07T19:41:13.242722+02:00
1879,1877,1,2026-04-07T19:41:13.882030+02:00
1880,1878,1,2026-04-07T19:41:14.387340+02:00
1881,1879,1,2026-04-07T19:41:14.897393+02:00
1882,1880,1,2026-04-07T19:41:15.364091+02:00
1883,1881,1,2026-04-07T19:41:15.851491+02:00
1884,1882,1,2026-04-07T19:41:16.525050+02:00
1885,1883,1,2026-04-07T19:41:17.276669+02:00
1886,1884,1,2026-04-07T19:41:17.748631+02:00
1887,1885,1,2026-04-07T19:41:18.337055+02:00
1888,1886,1,2026-04-07T19:41:18.953879+02:00
1889,1887,1,2026-04-07T19:41:19.745866+02:00
1890,1888,1,2026-04-07T19:41:20.578628+02:00
1891,1889,1,2026-04-07T19:41:21.023169+02:00
1892,1890,1,2026-04-07T19:41:21.826139+02:00
1893,1891,1,2026-04-07T19:41:22.278806+02:00
1894,1892,1,2026-04-07T19:41:22.860118+02:00
1895,1893,1,2026-04-07T19:41:23.484086+02:00
1896,1894,1,2026-04-07T19:41:24.072531+02:00
1897,1895,1,2026-04-07T19:41:24.593926+02:00
1898,1896,1,2026-04-07T19:41:25.097608+02:00
1899,1897,1,2026-04-07T19:41:25.583831+02:00
1900,1898,1,2026-04-07T19:41:26.379637+02:00
1901,1899,1,2026-04-07T19:41:26.833888+02:00
1902,1900,1,2026-04-07T19:41:27.463951+02:00
1903,1901,1,2026-04-07T19:41:28.431141+02:00
1904,1902,1,2026-04-07T19:41:28.931897+02:00
1905,1903,1,2026-04-07T19:41:29.761471+02:00
1906,1904,1,2026-04-07T19:41:30.552082+02:00
1907,1905,1,2026-04-07T19:41:31.027063+02:00
1908,1906,1,2026-04-07T19:41:31.610050+02:00
1909,1907,1,2026-04-07T19:41:32.457564+02:00
1910,1908,1,2026-04-07T19:41:33.048472+02:00
1911,1909,1,2026-04-07T19:41:33.647170+02:00
1912,1910,1,2026-04-07T19:41:34.801848+02:00
1913,1911,1,2026-04-07T19:41:35.978727+02:00
1914,1912,1,2026-04-07T19:41:36.506864+02:00
1915,1913,1,2026-04-07T19:41:36.983531+02:00
1916,1914,1,2026-04-07T19:41:37.454181+02:00
1917,1915,1,2026-04-07T19:41:37.980619+02:00
1918,1916,1,2026-04-07T19:41:39.077550+02:00
1919,1917,1,2026-04-07T19:41:39.704303+02:00
1920,1918,1,2026-04-07T19:41:40.491706+02:00
1921,1919,1,2026-04-07T19:41:41.455281+02:00
1922,1920,1,2026-04-07T19:41:41.916823+02:00
1923,1921,1,2026-04-07T19:41:42.836098+02:00
1924,1922,1,2026-04-07T19:41:43.441633+02:00
1925,1923,1,2026-04-07T19:41:44.098677+02:00
1926,1924,1,2026-04-07T19:41:44.747084+02:00
1927,1925,1,2026-04-07T19:41:45.552787+02:00
1928,1926,1,2026-04-07T19:41:46.257244+02:00
1929,1927,1,2026-04-07T19:41:47.047600+02:00
1930,1928,1,2026-04-07T19:41:48.094684+02:00
1931,1929,1,2026-04-07T19:41:48.782277+02:00
1932,1930,1,2026-04-07T19:41:49.634075+02:00
1933,1931,1,2026-04-07T19:41:50.146904+02:00
1934,1932,1,2026-04-07T19:41:51.007003+02:00
1935,1933,1,2026-04-07T19:41:51.816682+02:00
1936,1934,1,2026-04-07T19:41:52.291747+02:00
1937,1935,1,2026-04-07T19:41:53.087116+02:00
1938,1936,1,2026-04-07T19:41:53.692863+02:00
1939,1937,1,2026-04-07T19:41:54.451361+02:00
1940,1938,1,2026-04-07T19:41:55.065031+02:00
1941,1939,1,2026-04-07T19:41:55.816689+02:00
1942,1940,1,2026-04-07T19:41:56.820489+02:00
1943,1941,1,2026-04-07T19:41:57.638244+02:00
1944,1942,1,2026-04-07T19:41:58.237694+02:00
1945,1943,1,2026-04-07T19:41:58.719493+02:00
1946,1944,1,2026-04-07T19:41:59.505329+02:00
1947,1945,1,2026-04-07T19:42:00.030907+02:00
1948,1946,1,2026-04-07T19:42:00.908044+02:00
1949,1947,1,2026-04-07T19:42:01.638727+02:00
1950,1948,1,2026-04-07T19:42:02.292926+02:00
1951,1949,1,2026-04-07T19:42:02.902440+02:00
1952,1950,1,2026-04-07T19:42:03.735368+02:00
1953,1951,1,2026-04-07T19:42:04.238806+02:00
1954,1952,1,2026-04-07T19:42:04.862189+02:00
1955,1953,1,2026-04-07T19:42:05.480051+02:00
1956,1954,1,2026-04-07T19:42:06.230607+02:00
1957,1955,1,2026-04-07T19:42:07.142649+02:00
1958,1956,1,2026-04-07T19:42:07.915690+02:00
1959,1957,1,2026-04-07T19:42:08.532851+02:00
1960,1958,1,2026-04-07T19:42:09.067666+02:00
1961,1959,1,2026-04-07T19:42:09.549649+02:00
1962,1960,1,2026-04-07T19:42:10.380569+02:00
1963,1961,1,2026-04-07T19:42:10.869706+02:00
1964,1962,1,2026-04-07T19:42:11.331329+02:00
1965,1963,1,2026-04-07T19:42:11.862075+02:00
1966,1964,1,2026-04-07T19:42:12.330445+02:00
1967,1965,1,2026-04-07T19:42:12.803321+02:00
1968,1966,1,2026-04-07T19:42:13.246932+02:00
1969,1967,1,2026-04-07T19:42:13.886003+02:00
1970,1968,1,2026-04-07T19:42:14.690537+02:00
1971,1969,1,2026-04-07T19:42:15.498813+02:00
1972,1970,1,2026-04-07T19:42:16.017970+02:00
1973,1971,1,2026-04-07T19:42:16.766436+02:00
1974,1972,1,2026-04-07T19:42:17.286881+02:00
1975,1973,1,2026-04-07T19:42:17.977875+02:00
1976,1974,1,2026-04-07T19:42:18.593782+02:00
1977,1975,1,2026-04-07T19:42:19.066609+02:00
1978,1976,1,2026-04-07T19:42:20.021692+02:00
1979,1977,1,2026-04-07T19:42:20.845845+02:00
1980,1978,1,2026-04-07T19:42:21.337255+02:00
1981,1979,1,2026-04-07T19:42:22.209183+02:00
1982,1980,1,2026-04-07T19:42:23.462089+02:00
1983,1981,1,2026-04-07T19:42:24.154428+02:00
1984,1982,1,2026-04-07T19:42:24.876308+02:00
1985,1983,1,2026-04-07T19:42:25.684772+02:00
1986,1984,1,2026-04-07T19:42:26.490995+02:00
1987,1985,1,2026-04-07T19:42:27.175001+02:00
1988,1986,1,2026-04-07T19:42:27.809994+02:00
1989,1987,1,2026-04-07T19:42:28.429248+02:00
1990,1988,1,2026-04-07T19:42:28.922621+02:00
1991,1989,1,2026-04-07T19:42:29.426220+02:00
1992,1990,1,2026-04-07T19:42:30.213158+02:00
1993,1991,1,2026-04-07T19:42:30.900530+02:00
1994,1992,1,2026-04-07T19:42:31.355501+02:00
1995,1993,1,2026-04-07T19:42:32.308014+02:00
1996,1994,1,2026-04-07T19:42:32.809164+02:00
1997,1995,1,2026-04-07T19:42:33.303885+02:00
1998,1996,1,2026-04-07T19:42:34.305627+02:00
1999,1997,1,2026-04-07T19:42:34.839389+02:00
2000,1998,1,2026-04-07T19:42:35.344015+02:00
2001,1999,1,2026-04-07T19:42:35.954127+02:00
2002,2000,1,2026-04-07T19:42:36.508706+02:00
2003,2001,1,2026-04-07T19:42:37.321979+02:00
2004,2002,1,2026-04-07T19:42:38.318949+02:00
2005,2003,1,2026-04-07T19:42:38.815128+02:00
2006,2004,1,2026-04-07T19:42:39.804517+02:00
2007,2005,1,2026-04-07T19:42:40.274062+02:00
2008,2006,1,2026-04-07T19:42:41.080394+02:00
2009,2007,1,2026-04-07T19:42:41.731453+02:00
2010,2008,1,2026-04-07T19:42:42.248939+02:00
2011,2009,1,2026-04-07T19:42:42.732735+02:00
2012,2010,1,2026-04-07T19:42:43.361019+02:00
2013,2011,1,2026-04-07T19:42:44.003578+02:00
2014,2012,1,2026-04-07T19:42:44.796713+02:00
2015,2013,1,2026-04-07T19:42:45.245026+02:00
2016,2014,1,2026-04-07T19:42:45.861067+02:00
2017,2015,1,2026-04-07T19:42:46.796392+02:00
2018,2016,1,2026-04-07T19:42:47.299453+02:00
2019,2017,1,2026-04-07T19:42:48.186919+02:00
2020,2018,1,2026-04-07T19:42:48.818330+02:00
2021,2019,1,2026-04-07T19:42:49.458668+02:00
2022,2020,1,2026-04-07T19:42:50.653907+02:00
2023,2021,1,2026-04-07T19:42:51.523570+02:00
2024,2022,1,2026-04-07T19:42:52.129122+02:00
2025,2023,1,2026-04-07T19:42:52.745412+02:00
2026,2024,1,2026-04-07T19:42:53.323173+02:00
2027,2025,1,2026-04-07T19:42:54.310502+02:00
2028,2026,1,2026-04-07T19:42:55.320758+02:00
2029,2027,1,2026-04-07T19:42:56.182008+02:00
2030,2028,1,2026-04-07T19:42:57.163068+02:00
2031,2029,1,2026-04-07T19:42:57.742140+02:00
2032,2030,1,2026-04-07T19:42:58.546749+02:00
2033,2031,1,2026-04-07T19:42:59.384478+02:00
2034,2032,1,2026-04-07T19:42:59.887926+02:00
2035,2033,1,2026-04-07T19:43:00.774823+02:00
2036,2034,1,2026-04-07T19:43:01.603459+02:00
2037,2035,1,2026-04-07T19:43:02.139901+02:00
2038,2036,1,2026-04-07T19:43:02.608793+02:00
2039,2037,1,2026-04-07T19:43:03.326378+02:00
2040,2038,1,2026-04-07T19:43:04.370626+02:00
2041,2039,1,2026-04-07T19:43:05.158465+02:00
2042,2040,1,2026-04-07T19:43:05.624413+02:00
2043,2041,1,2026-04-07T19:43:06.075799+02:00
2044,2042,1,2026-04-07T19:43:06.790940+02:00
2045,2043,1,2026-04-07T19:43:07.436127+02:00
2046,2044,1,2026-04-07T19:43:07.896995+02:00
2047,2045,1,2026-04-07T19:43:08.376533+02:00
2048,2046,1,2026-04-07T19:43:08.976986+02:00
2049,2047,1,2026-04-07T19:43:09.429657+02:00
2050,2048,1,2026-04-07T19:43:10.073217+02:00
2051,2049,1,2026-04-07T19:43:10.715455+02:00
2052,2050,1,2026-04-07T19:43:11.340594+02:00
2053,2051,1,2026-04-07T19:43:12.138521+02:00
2054,2052,1,2026-04-07T19:43:12.780434+02:00
2055,2053,1,2026-04-07T19:43:13.326481+02:00
2056,2054,1,2026-04-07T19:43:13.800739+02:00
2057,2055,1,2026-04-07T19:43:14.562572+02:00
2058,2056,1,2026-04-07T19:43:15.070757+02:00
2059,2057,1,2026-04-07T19:43:15.857199+02:00
2060,2058,1,2026-04-07T19:43:16.515685+02:00
2061,2059,1,2026-04-07T19:43:17.165039+02:00
2062,2060,1,2026-04-07T19:43:17.760464+02:00
2063,2061,1,2026-04-07T19:43:18.258012+02:00
2064,2062,1,2026-04-07T19:43:18.723784+02:00
2065,2063,1,2026-04-07T19:43:19.401767+02:00
2066,2064,1,2026-04-07T19:43:19.865192+02:00
2067,2065,1,2026-04-07T19:43:20.593164+02:00
2068,2066,1,2026-04-07T19:43:21.363861+02:00
2069,2067,1,2026-04-07T19:43:21.969918+02:00
2070,2068,1,2026-04-07T19:43:22.621303+02:00
2071,2069,1,2026-04-07T19:43:23.274847+02:00
2072,2070,1,2026-04-07T19:43:23.763936+02:00
2073,2071,1,2026-04-07T19:43:24.654219+02:00
2074,2072,1,2026-04-07T19:43:25.672993+02:00
2075,2073,1,2026-04-07T19:43:26.136090+02:00
2076,2074,1,2026-04-07T19:43:27.112057+02:00
2077,2075,1,2026-04-07T19:43:28.243300+02:00
2078,2076,1,2026-04-07T19:43:29.124519+02:00
2079,2077,1,2026-04-07T19:43:29.872464+02:00
2080,2078,1,2026-04-07T19:43:30.539777+02:00
2081,2079,1,2026-04-07T19:43:31.428448+02:00
2082,2080,1,2026-04-07T19:43:32.159646+02:00
2083,2081,1,2026-04-07T19:43:32.643658+02:00
2084,2082,1,2026-04-07T19:43:33.374192+02:00
2085,2083,1,2026-04-07T19:43:33.983905+02:00
2086,2084,1,2026-04-07T19:43:34.834310+02:00
2087,2085,1,2026-04-07T19:43:35.465801+02:00
2088,2086,1,2026-04-07T19:43:36.370438+02:00
2089,2087,1,2026-04-07T19:43:37.126024+02:00
2090,2088,1,2026-04-07T19:43:37.767083+02:00
2091,2089,1,2026-04-07T19:43:38.220581+02:00
2092,2090,1,2026-04-07T19:43:38.892761+02:00
2093,2091,1,2026-04-07T19:43:39.385701+02:00
2094,2092,1,2026-04-07T19:43:40.170522+02:00
2095,2093,1,2026-04-07T19:43:41.110387+02:00
2096,2094,1,2026-04-07T19:43:41.709914+02:00
2097,2095,1,2026-04-07T19:43:42.164790+02:00
2098,2096,1,2026-04-07T19:43:42.654055+02:00
2099,2097,1,2026-04-07T19:43:43.153682+02:00
2100,2098,1,2026-04-07T19:43:43.817633+02:00
2101,2099,1,2026-04-07T19:43:44.842447+02:00
2102,2100,1,2026-04-07T19:43:45.347565+02:00
2103,2101,1,2026-04-07T19:43:46.225905+02:00
2104,2102,1,2026-04-07T19:43:47.234860+02:00
2105,2103,1,2026-04-07T19:43:47.717230+02:00
2106,2104,1,2026-04-07T19:43:48.183380+02:00
2107,2105,1,2026-04-07T19:43:49.128342+02:00
2108,2106,1,2026-04-07T19:43:49.991601+02:00
2109,2107,1,2026-04-07T19:43:50.519853+02:00
2110,2108,1,2026-04-07T19:43:51.218401+02:00
2111,2109,1,2026-04-07T19:43:51.668273+02:00
2112,2110,1,2026-04-07T19:43:52.269759+02:00
2113,2111,1,2026-04-07T19:43:52.773449+02:00
2114,2112,1,2026-04-07T19:43:53.536761+02:00
2115,2113,1,2026-04-07T19:43:54.137754+02:00
2116,2114,1,2026-04-07T19:43:54.794000+02:00
2117,2115,1,2026-04-07T19:43:55.410112+02:00
2118,2116,1,2026-04-07T19:43:55.868564+02:00
2119,2117,1,2026-04-07T19:43:56.506669+02:00
2120,2118,1,2026-04-07T19:43:57.003553+02:00
2121,2119,1,2026-04-07T19:43:57.835196+02:00
2122,2120,1,2026-04-07T19:43:58.576234+02:00
2123,2121,1,2026-04-07T19:43:59.125624+02:00
2124,2122,1,2026-04-07T19:43:59.814484+02:00
2125,2123,1,2026-04-07T19:44:00.670912+02:00
2126,2124,1,2026-04-07T19:44:01.242889+02:00
2127,2125,1,2026-04-07T19:44:01.834735+02:00
2128,2126,1,2026-04-07T19:44:02.667426+02:00
2129,2127,1,2026-04-07T19:44:03.557689+02:00
2130,2128,1,2026-04-07T19:44:04.209467+02:00
2131,2129,1,2026-04-07T19:44:04.974766+02:00
2132,2130,1,2026-04-07T19:44:05.981944+02:00
2133,2131,1,2026-04-07T19:44:06.568566+02:00
2134,2132,1,2026-04-07T19:44:07.187932+02:00
2135,2133,1,2026-04-07T19:44:07.665515+02:00
2136,2134,1,2026-04-07T19:44:08.391506+02:00
2137,2135,1,2026-04-07T19:44:08.990624+02:00
2138,2136,1,2026-04-07T19:44:09.692815+02:00
2139,2137,1,2026-04-07T19:44:10.272855+02:00
2140,2138,1,2026-04-07T19:44:10.922953+02:00
2141,2139,1,2026-04-07T19:44:11.774445+02:00
2142,2140,1,2026-04-07T19:44:12.611551+02:00
2143,2141,1,2026-04-07T19:44:13.091345+02:00
2144,2142,1,2026-04-07T19:44:13.703455+02:00
2145,2143,1,2026-04-07T19:44:14.261159+02:00
2146,2144,1,2026-04-07T19:44:14.910863+02:00
2147,2145,1,2026-04-07T19:44:15.607576+02:00
2148,2146,1,2026-04-07T19:44:16.348376+02:00
2149,2147,1,2026-04-07T19:44:16.803454+02:00
2150,2148,1,2026-04-07T19:44:17.395399+02:00
2151,2149,1,2026-04-07T19:44:17.928238+02:00
2152,2150,1,2026-04-07T19:44:18.387317+02:00
2153,2151,1,2026-04-07T19:44:18.984268+02:00
2154,2152,1,2026-04-07T19:44:19.809150+02:00
2155,2153,1,2026-04-07T19:44:20.382414+02:00
2156,2154,1,2026-04-07T19:44:21.248824+02:00
2157,2155,1,2026-04-07T19:44:21.735180+02:00
2158,2156,1,2026-04-07T19:44:22.379895+02:00
2159,2157,1,2026-04-07T19:44:23.161780+02:00
2160,2158,1,2026-04-07T19:44:23.723284+02:00
2161,2159,1,2026-04-07T19:44:24.641319+02:00
2162,2160,1,2026-04-07T19:44:25.864232+02:00
2163,2161,1,2026-04-07T19:44:26.614144+02:00
2164,2162,1,2026-04-07T19:44:27.289080+02:00
2165,2163,1,2026-04-07T19:44:28.194642+02:00
2166,2164,1,2026-04-07T19:44:28.942267+02:00
2167,2165,1,2026-04-07T19:44:29.757667+02:00
2168,2166,1,2026-04-07T19:44:30.608375+02:00
2169,2167,1,2026-04-07T19:44:31.093054+02:00
2170,2168,1,2026-04-07T19:44:31.602826+02:00
2171,2169,1,2026-04-07T19:44:32.917261+02:00
2172,2170,1,2026-04-07T19:44:33.908638+02:00
2173,2171,1,2026-04-07T19:44:34.587672+02:00
2174,2172,1,2026-04-07T19:44:35.268081+02:00
2175,2173,1,2026-04-07T19:44:35.999598+02:00
2176,2174,1,2026-04-07T19:44:36.871975+02:00
2177,2175,1,2026-04-07T19:44:37.673393+02:00
2178,2176,1,2026-04-07T19:44:38.291309+02:00
2179,2177,1,2026-04-07T19:44:38.945370+02:00
2180,2178,1,2026-04-07T19:44:39.756220+02:00
2181,2179,1,2026-04-07T19:44:40.527424+02:00
2182,2180,1,2026-04-07T19:44:41.021327+02:00
2183,2181,1,2026-04-07T19:44:41.623852+02:00
2184,2182,1,2026-04-07T19:44:42.266147+02:00
2185,2183,1,2026-04-07T19:44:42.905896+02:00
2186,2184,1,2026-04-07T19:44:43.631474+02:00
2187,2185,1,2026-04-07T19:44:44.110427+02:00
2188,2186,1,2026-04-07T19:44:44.735886+02:00
2189,2187,1,2026-04-07T19:44:45.389705+02:00
2190,2188,1,2026-04-07T19:44:46.077962+02:00
2191,2189,1,2026-04-07T19:44:46.693368+02:00
2192,2190,1,2026-04-07T19:44:47.583526+02:00
2193,2191,1,2026-04-07T19:44:48.217498+02:00
2194,2192,1,2026-04-07T19:44:48.854781+02:00
2195,2193,1,2026-04-07T19:44:49.609205+02:00
2196,2194,1,2026-04-07T19:44:50.069624+02:00
2197,2195,1,2026-04-07T19:44:50.799925+02:00
2198,2196,1,2026-04-07T19:44:51.389881+02:00
2199,2197,1,2026-04-07T19:44:51.883681+02:00
2200,2198,1,2026-04-07T19:44:52.491423+02:00
2201,2199,1,2026-04-07T19:44:53.298054+02:00
2202,2200,1,2026-04-07T19:44:54.236790+02:00
2203,2201,1,2026-04-07T19:44:55.174142+02:00
2204,2202,1,2026-04-07T19:44:56.244349+02:00
2205,2203,1,2026-04-07T19:44:57.043425+02:00
2206,2204,1,2026-04-07T19:44:57.508537+02:00
2207,2205,1,2026-04-07T19:44:58.275686+02:00
2208,2206,1,2026-04-07T19:44:58.971404+02:00
2209,2207,1,2026-04-07T19:44:59.790038+02:00
2210,2208,1,2026-04-07T19:45:00.391210+02:00
2211,2209,1,2026-04-07T19:45:01.213793+02:00
2212,2210,1,2026-04-07T19:45:01.685589+02:00
2213,2211,1,2026-04-07T19:45:02.350966+02:00
2214,2212,1,2026-04-07T19:45:02.864562+02:00
2215,2213,1,2026-04-07T19:45:03.384076+02:00
2216,2214,1,2026-04-07T19:45:03.987343+02:00
2217,2215,1,2026-04-07T19:45:04.476909+02:00
2218,2216,1,2026-04-07T19:45:05.260111+02:00
2219,2217,1,2026-04-07T19:45:05.916586+02:00
2220,2218,1,2026-04-07T19:45:07.076806+02:00
2221,2219,1,2026-04-07T19:45:07.749530+02:00
2222,2220,1,2026-04-07T19:45:08.271886+02:00
2223,2221,1,2026-04-07T19:45:09.086709+02:00
2224,2222,1,2026-04-07T19:45:09.728601+02:00
2225,2223,1,2026-04-07T19:45:10.753485+02:00
2226,2224,1,2026-04-07T19:45:11.281404+02:00
2227,2225,1,2026-04-07T19:45:11.867421+02:00
2228,2226,1,2026-04-07T19:45:12.372733+02:00
2229,2227,1,2026-04-07T19:45:13.252274+02:00
2230,2228,1,2026-04-07T19:45:13.935540+02:00
2231,2229,1,2026-04-07T19:45:14.884704+02:00
2232,2230,1,2026-04-07T19:45:15.502506+02:00
2233,2231,1,2026-04-07T19:45:16.106571+02:00
2234,2232,1,2026-04-07T19:45:16.645287+02:00
2235,2233,1,2026-04-07T19:45:17.385206+02:00
2236,2234,1,2026-04-07T19:45:18.067413+02:00
2237,2235,1,2026-04-07T19:45:18.687324+02:00
2238,2236,1,2026-04-07T19:45:19.335939+02:00
2239,2237,1,2026-04-07T19:45:20.129798+02:00
2240,2238,1,2026-04-07T19:45:20.598874+02:00
2241,2239,1,2026-04-07T19:45:21.248853+02:00
2242,2240,1,2026-04-07T19:45:21.853052+02:00
2243,2241,1,2026-04-07T19:45:23.129960+02:00
2244,2242,1,2026-04-07T19:45:24.229960+02:00
2245,2243,1,2026-04-07T19:45:25.080106+02:00
2246,2244,1,2026-04-07T19:45:25.836077+02:00
2247,2245,1,2026-04-07T19:45:26.716045+02:00
2248,2246,1,2026-04-07T19:45:27.435026+02:00
2249,2247,1,2026-04-07T19:45:28.078887+02:00
2250,2248,1,2026-04-07T19:45:28.607477+02:00
2251,2249,1,2026-04-07T19:45:29.489810+02:00
2252,2250,1,2026-04-07T19:45:29.985820+02:00
2253,2251,1,2026-04-07T19:45:30.592529+02:00
2254,2252,1,2026-04-07T19:45:31.775777+02:00
2255,2253,1,2026-04-07T19:45:32.593561+02:00
2256,2254,1,2026-04-07T19:45:33.244147+02:00
2257,2255,1,2026-04-07T19:45:33.877214+02:00
2258,2256,1,2026-04-07T19:45:34.689381+02:00
2259,2257,1,2026-04-07T19:45:35.243024+02:00
2260,2258,1,2026-04-07T19:45:35.709039+02:00
2261,2259,1,2026-04-07T19:45:36.160787+02:00
2262,2260,1,2026-04-07T19:45:36.613497+02:00
2263,2261,1,2026-04-07T19:45:37.224290+02:00
2264,2262,1,2026-04-07T19:45:37.864286+02:00
2265,2263,1,2026-04-07T19:45:38.333819+02:00
2266,2264,1,2026-04-07T19:45:38.861091+02:00
2267,2265,1,2026-04-07T19:45:39.659712+02:00
2268,2266,1,2026-04-07T19:45:40.254259+02:00
2269,2267,1,2026-04-07T19:45:41.317944+02:00
2270,2268,1,2026-04-07T19:45:41.932901+02:00
2271,2269,1,2026-04-07T19:45:42.605401+02:00
2272,2270,1,2026-04-07T19:45:43.364918+02:00
2273,2271,1,2026-04-07T19:45:44.279542+02:00
2274,2272,1,2026-04-07T19:45:45.018919+02:00
2275,2273,1,2026-04-07T19:45:45.784493+02:00
2276,2274,1,2026-04-07T19:45:46.431723+02:00
2277,2275,1,2026-04-07T19:45:47.391291+02:00
2278,2276,1,2026-04-07T19:45:48.471049+02:00
2279,2277,1,2026-04-07T19:45:49.211969+02:00
2280,2278,1,2026-04-07T19:45:49.844135+02:00
2281,2279,1,2026-04-07T19:45:50.602533+02:00
2282,2280,1,2026-04-07T19:45:51.444049+02:00
2283,2281,1,2026-04-07T19:45:52.216517+02:00
2284,2282,1,2026-04-07T19:45:52.982971+02:00
2285,2283,1,2026-04-07T19:45:53.727697+02:00
2286,2284,1,2026-04-07T19:45:54.360176+02:00
2287,2285,1,2026-04-07T19:45:54.857662+02:00
2288,2286,1,2026-04-07T19:45:55.578478+02:00
2289,2287,1,2026-04-07T19:45:56.770529+02:00
2290,2288,1,2026-04-07T19:45:57.374085+02:00
