id,loan_id,as_of_date,regular_interest_daily,principal_not_due,principal_arrears,interest_accrued_balance,interest_arrears_balance,default_interest_daily,default_interest_balance,penalty_interest_daily,penalty_interest_balance,fees_charges_balance,days_overdue,total_exposure,created_at,regular_interest_period_to_date,penalty_interest_period_to_date,default_interest_period_to_date,credits,net_allocation,unallocated,customer_name,product_code,credit
1203,1,2025-06-30,170.2385581267,64528.6905556264,0,0.000000003,0,0,0,0,0,0,0,64528.6905556294,2026-03-23T19:01:11.952966+02:00,5107.156743801,0,0,,0,0,Upenyu Moyo,CONSUMER-USD,0
1227,1,2025-07-01,145.7099464159,64528.6905556264,0,145.7099464189,0,0,0,0,0,0,0,64674.4005020453,2026-03-25T11:25:42.863209+02:00,145.7099464159,0,0,,0,0,Upenyu Moyo,CONSUMER-USD,0
1237,1,2025-07-02,145.7099464159,64528.6905556264,0,291.4198928348,0,0,0,0,0,0,0,64820.1104484612,2026-03-25T11:26:22.919797+02:00,291.4198928318,0,0,,0,0,Upenyu Moyo,CONSUMER-USD,0
1247,1,2025-07-03,145.7099464159,64528.6905556264,0,437.1298392507,0,0,0,0,0,0,0,64965.8203948771,2026-03-25T11:26:38.051991+02:00,437.1298392477,0,0,,0,0,Upenyu Moyo,CONSUMER-USD,0
1257,1,2025-07-04,145.7099464159,64528.6905556264,0,582.8397856666,0,0,0,0,0,0,0,65111.530341293,2026-03-25T11:28:06.582539+02:00,582.8397856636,0,0,,0,0,Upenyu Moyo,CONSUMER-USD,0
1267,1,2025-07-05,145.7099464159,64528.6905556264,0,728.5497320825,0,0,0,0,0,0,0,65257.2402877089,2026-03-25T11:28:17.643528+02:00,728.5497320795,0,0,,0,0,Upenyu Moyo,CONSUMER-USD,0
1277,1,2025-07-06,145.7099464159,64528.6905556264,0,874.2596784984,0,0,0,0,0,0,0,65402.9502341248,2026-03-25T11:28:47.961166+02:00,874.2596784954,0,0,,0,0,Upenyu Moyo,CONSUMER-USD,0
1297,1,2025-07-07,145.7099464159,64528.6905556264,0,1019.9696249143,0,0,0,0,0,0,0,65548.6601805407,2026-03-25T12:00:17.424602+02:00,1019.9696249113,0,0,,0,0,Upenyu Moyo,CONSUMER-USD,0
1204,2,2025-06-30,210.268433181,90115.0427918755,2253.1325933211,420.536866363,6465.7720939929,21.5525736466,155.4703244901,7.5104419777,47.9709765641,0,123,99457.9256466067,2026-03-23T19:01:12.053699+02:00,420.536866362,15.0208839554,43.1051472932,,0,0,test,CONSUTPC-USD,0
1228,2,2025-07-01,210.268433181,90115.0427918755,2253.1325933211,630.805299544,6465.7720939929,21.5525736466,177.0228981367,7.5104419777,55.4814185418,0,124,99697.257095412,2026-03-25T11:25:43.143905+02:00,630.805299543,22.5313259331,64.6577209398,,0,0,test,CONSUTPC-USD,0
1238,2,2025-07-02,210.268433181,90115.0427918755,2253.1325933211,841.073732725,6465.7720939929,21.5525736466,198.5754717833,7.5104419777,62.9918605195,0,125,99936.5885442173,2026-03-25T11:26:23.191056+02:00,841.073732724,30.0417679108,86.2102945864,,0,0,test,CONSUTPC-USD,0
1248,2,2025-07-03,210.268433181,90115.0427918755,2253.1325933211,1051.342165906,6465.7720939929,21.5525736466,220.1280454299,7.5104419777,70.5023024972,0,126,100175.9199930226,2026-03-25T11:26:38.288336+02:00,1051.342165905,37.5522098885,107.762868233,,0,0,test,CONSUTPC-USD,0
1258,2,2025-07-04,210.268433181,90115.0427918755,2253.1325933211,1261.610599087,6465.7720939929,21.5525736466,241.6806190765,7.5104419777,78.0127444749,0,127,100415.2514418279,2026-03-25T11:28:06.995695+02:00,1261.610599086,45.0626518662,129.3154418796,,0,0,test,CONSUTPC-USD,0
1268,2,2025-07-05,210.268433181,90115.0427918755,2253.1325933211,1471.879032268,6465.7720939929,21.5525736466,263.2331927231,7.5104419777,85.5231864526,0,128,100654.5828906332,2026-03-25T11:28:17.737022+02:00,1471.879032267,52.5730938439,150.8680155262,,0,0,test,CONSUTPC-USD,0
1278,2,2025-07-06,210.268433181,90115.0427918755,2253.1325933211,1682.147465449,6465.7720939929,21.5525736466,284.7857663697,7.5104419777,93.0336284303,0,129,100893.9143394385,2026-03-25T11:28:48.157135+02:00,1682.147465448,60.0835358216,172.4205891728,,0,0,test,CONSUTPC-USD,0
1288,2,2025-07-07,210.268433181,90115.0427918755,893.284082114,1892.41589863,0,21.5525736466,21.5525736466,7.5104419777,7.5104419777,0,130,92929.8057882438,2026-03-25T11:36:26.039597+02:00,1892.415898629,67.5939777993,193.9731628194,,8203.44,0,test,CONSUTPC-USD,8203.44
1205,3,2025-06-30,3.5087719298,1052.6315789474,0,529.8245613998,0,0,0,0,0,0,0,1582.4561403472,2026-03-23T19:01:12.280743+02:00,529.8245613998,0,0,,0,0,test,BULLET-USD,0
1229,3,2025-07-01,3.5087719298,1052.6315789474,0,533.3333333296,0,0,0,0,0,0,0,1585.964912277,2026-03-25T11:25:43.447403+02:00,533.3333333296,0,0,,0,0,test,BULLET-USD,0
1239,3,2025-07-02,3.5087719298,1052.6315789474,0,536.8421052594,0,0,0,0,0,0,0,1589.4736842068,2026-03-25T11:26:23.295695+02:00,536.8421052594,0,0,,0,0,test,BULLET-USD,0
1249,3,2025-07-03,3.5087719298,1052.6315789474,0,540.3508771892,0,0,0,0,0,0,0,1592.9824561366,2026-03-25T11:26:38.407371+02:00,540.3508771892,0,0,,0,0,test,BULLET-USD,0
1259,3,2025-07-04,3.5087719298,1052.6315789474,0,543.859649119,0,0,0,0,0,0,0,1596.4912280664,2026-03-25T11:28:07.108581+02:00,543.859649119,0,0,,0,0,test,BULLET-USD,0
1269,3,2025-07-05,3.5087719298,1052.6315789474,0,547.3684210488,0,0,0,0,0,0,0,1599.9999999962,2026-03-25T11:28:17.830054+02:00,547.3684210488,0,0,,0,0,test,BULLET-USD,0
1279,3,2025-07-06,3.5087719298,1052.6315789474,0,550.8771929786,0,0,0,0,0,0,0,1603.508771926,2026-03-25T11:28:48.278272+02:00,550.8771929786,0,0,,0,0,test,BULLET-USD,0
1299,3,2025-07-07,3.5087719298,1052.6315789474,0,554.3859649084,0,0,0,0,0,0,0,1607.0175438558,2026-03-25T12:00:17.660669+02:00,554.3859649084,0,0,,0,0,test,BULLET-USD,0
1206,4,2025-06-30,333.3333333333,100000,0,0,44999.9999999999,150,7441.1111111124,0,0,0,93,152441.1111111123,2026-03-23T19:01:12.395921+02:00,10333.3333333323,0,3616.666666668,,0,0,test,BULLET-USD,0
1230,4,2025-07-01,333.3333333333,100000,0,333.3333333333,44999.9999999999,150,7591.1111111124,0,0,0,94,152924.4444444456,2026-03-25T11:25:43.563905+02:00,333.3333333333,0,150,,0,0,test,BULLET-USD,0
1240,4,2025-07-02,333.3333333333,100000,0,666.6666666666,44999.9999999999,150,7741.1111111124,0,0,0,95,153407.7777777789,2026-03-25T11:26:23.396090+02:00,666.6666666666,0,300,,0,0,test,BULLET-USD,0
1250,4,2025-07-03,333.3333333333,100000,0,999.9999999999,44999.9999999999,150,7891.1111111124,0,0,0,96,153891.1111111122,2026-03-25T11:26:38.792899+02:00,999.9999999999,0,450,,0,0,test,BULLET-USD,0
1260,4,2025-07-04,333.3333333333,100000,0,1333.3333333332,44999.9999999999,150,8041.1111111124,0,0,0,97,154374.4444444455,2026-03-25T11:28:07.321523+02:00,1333.3333333332,0,600,,0,0,test,BULLET-USD,0
1270,4,2025-07-05,333.3333333333,100000,0,1666.6666666665,44999.9999999999,150,8191.1111111124,0,0,0,98,154857.7777777788,2026-03-25T11:28:17.926263+02:00,1666.6666666665,0,750,,0,0,test,BULLET-USD,0
1280,4,2025-07-06,333.3333333333,100000,0,1999.9999999998,44999.9999999999,150,8341.1111111124,0,0,0,99,155341.1111111121,2026-03-25T11:28:48.562726+02:00,1999.9999999998,0,900,,0,0,test,BULLET-USD,0
1300,4,2025-07-07,333.3333333333,100000,0,2333.3333333331,44999.9999999999,150,8491.1111111124,0,0,0,100,155824.4444444454,2026-03-25T12:00:17.764175+02:00,2333.3333333331,0,1050,,0,0,test,BULLET-USD,0
1207,5,2025-06-30,432.2913768681,105087.7192982456,175.4385964912,864.5827537362,44424.2551656921,148.0808505523,6699.4918693967,0.5847953216,52.631578944,0,95,157304.1192625058,2026-03-23T19:01:12.495833+02:00,864.5827537362,1.1695906432,296.1617011046,,0,0,test,CUSTOM-USD,0
1231,5,2025-07-01,432.2913768681,105087.7192982456,175.4385964912,1296.8741306043,44424.2551656921,148.0808505523,6847.572719949,0.5847953216,53.2163742656,0,96,157885.0762852478,2026-03-25T11:25:43.661559+02:00,1296.8741306043,1.7543859648,444.2425516569,,0,0,test,CUSTOM-USD,0
1241,5,2025-07-02,432.2913768681,105087.7192982456,175.4385964912,1729.1655074724,44424.2551656921,148.0808505523,6995.6535705013,0.5847953216,53.8011695872,0,97,158466.0333079898,2026-03-25T11:26:23.495372+02:00,1729.1655074724,2.3391812864,592.3234022092,,0,0,test,CUSTOM-USD,0
1251,5,2025-07-03,432.2913768681,105087.7192982456,175.4385964912,2161.4568843405,44424.2551656921,148.0808505523,7143.7344210536,0.5847953216,54.3859649088,0,98,159046.9903307319,2026-03-25T11:26:38.894898+02:00,2161.4568843405,2.923976608,740.4042527615,,0,0,test,CUSTOM-USD,0
1261,5,2025-07-04,432.2913768681,105087.7192982456,175.4385964912,2593.7482612086,44424.2551656921,148.0808505523,7291.8152716059,0.5847953216,54.9707602304,0,99,159627.9473534738,2026-03-25T11:28:07.578344+02:00,2593.7482612086,3.5087719296,888.4851033138,,0,0,test,CUSTOM-USD,0
1271,5,2025-07-05,432.2913768681,105087.7192982456,175.4385964912,3026.0396380767,44424.2551656921,148.0808505523,7439.8961221582,0.5847953216,55.555555552,0,100,160208.9043762158,2026-03-25T11:28:18.264988+02:00,3026.0396380767,4.0935672512,1036.5659538661,,0,0,test,CUSTOM-USD,0
1281,5,2025-07-06,432.2913768681,105087.7192982456,175.4385964912,3458.3310149448,44424.2551656921,148.0808505523,7587.9769727105,0.5847953216,56.1403508736,0,101,160789.8613989578,2026-03-25T11:28:48.664047+02:00,3458.3310149448,4.6783625728,1184.6468044184,,0,0,test,CUSTOM-USD,0
1301,5,2025-07-07,432.2913768681,105087.7192982456,175.4385964912,3890.6223918129,44424.2551656921,148.0808505523,7736.0578232628,0.5847953216,56.7251461952,0,102,161370.8184216998,2026-03-25T12:00:17.859272+02:00,3890.6223918129,5.2631578944,1332.7276549707,,0,0,test,CUSTOM-USD,0
1208,6,2025-06-30,446.3596296296,100000,0,6695.3944444461,33907.8888888888,113.0262962963,4877.420740739,0,0,0,77,145480.7040740739,2026-03-23T19:01:12.722569+02:00,6695.394444444,0,1695.3944444445,,0,0,Windastic,CUSTOM-USD,0
1232,6,2025-07-01,446.3596296296,100000,0,7141.7540740757,33907.8888888888,113.0262962963,4990.4470370353,0,0,0,78,146040.0899999998,2026-03-25T11:25:43.889082+02:00,7141.7540740736,0,1808.4207407408,,0,0,Windastic,CUSTOM-USD,0
1242,6,2025-07-02,446.3596296296,100000,0,7588.1137037053,33907.8888888888,113.0262962963,5103.4733333316,0,0,0,79,146599.4759259257,2026-03-25T11:26:23.718831+02:00,7588.1137037032,0,1921.4470370371,,0,0,Windastic,CUSTOM-USD,0
1252,6,2025-07-03,446.3596296296,100000,0,8034.4733333349,33907.8888888888,113.0262962963,5216.4996296279,0,0,0,80,147158.8618518516,2026-03-25T11:26:39.133866+02:00,8034.4733333328,0,2034.4733333334,,0,0,Windastic,CUSTOM-USD,0
1262,6,2025-07-04,446.3596296296,100000,0,8480.8329629645,33907.8888888888,113.0262962963,5329.5259259242,0,0,0,81,147718.2477777775,2026-03-25T11:28:07.678060+02:00,8480.8329629624,0,2147.4996296297,,0,0,Windastic,CUSTOM-USD,0
1272,6,2025-07-05,446.3596296296,100000,0,8927.1925925941,33907.8888888888,113.0262962963,5442.5522222205,0,0,0,82,148277.6337037034,2026-03-25T11:28:18.371742+02:00,8927.192592592,0,2260.525925926,,0,0,Windastic,CUSTOM-USD,0
1282,6,2025-07-06,446.3596296296,100000,0,9373.5522222237,33907.8888888888,113.0262962963,5555.5785185168,0,0,0,83,148837.0196296293,2026-03-25T11:28:48.899975+02:00,9373.5522222216,0,2373.5522222223,,0,0,Windastic,CUSTOM-USD,0
1302,6,2025-07-07,446.3596296296,100000,0,9819.9118518533,33907.8888888888,113.0262962963,5668.6048148131,0,0,0,84,149396.4055555552,2026-03-25T12:00:17.956293+02:00,9819.9118518512,0,2486.5785185186,,0,0,Windastic,CUSTOM-USD,0
1209,7,2025-06-30,317.6345951199,89200.8069132444,16062.3509814924,0.0000000004,30793.4774474763,102.6449248249,3171.7789426909,53.5411699383,1461.7418686175,0,62,140690.1561535219,2026-03-23T19:01:12.817427+02:00,9529.037853597,1017.5765079537,2158.207418899,,0,0,Windastic,TERM-USD,0
1233,7,2025-07-01,297.3360230441,89200.8069132444,16062.3509814924,297.3360230445,30793.4774474763,102.6449248249,3274.4238675158,53.5411699383,1515.2830385558,0,63,141143.6782713292,2026-03-25T11:25:43.992735+02:00,297.3360230441,53.5411699383,102.6449248249,,0,0,Windastic,TERM-USD,0
1243,7,2025-07-02,297.3360230441,89200.8069132444,16062.3509814924,594.6720460886,30793.4774474763,102.6449248249,3377.0687923407,53.5411699383,1568.8242084941,0,64,141597.2003891365,2026-03-25T11:26:24.128493+02:00,594.6720460882,107.0823398766,205.2898496498,,0,0,Windastic,TERM-USD,0
1253,7,2025-07-03,297.3360230441,89200.8069132444,16062.3509814924,892.0080691327,30793.4774474763,102.6449248249,3479.7137171656,53.5411699383,1622.3653784324,0,65,142050.7225069438,2026-03-25T11:26:39.427273+02:00,892.0080691323,160.6235098149,307.9347744747,,0,0,Windastic,TERM-USD,0
1263,7,2025-07-04,297.3360230441,89200.8069132444,16062.3509814924,1189.3440921768,30793.4774474763,102.6449248249,3582.3586419905,53.5411699383,1675.9065483707,0,66,142504.2446247511,2026-03-25T11:28:07.893658+02:00,1189.3440921764,214.1646797532,410.5796992996,,0,0,Windastic,TERM-USD,0
1273,7,2025-07-05,297.3360230441,89200.8069132444,16062.3509814924,1486.6801152209,30793.4774474763,102.6449248249,3685.0035668154,53.5411699383,1729.447718309,0,67,142957.7667425584,2026-03-25T11:28:18.582984+02:00,1486.6801152205,267.7058496915,513.2246241245,,0,0,Windastic,TERM-USD,0
1283,7,2025-07-06,297.3360230441,89200.8069132444,16062.3509814924,1784.016138265,30793.4774474763,102.6449248249,3787.6484916403,53.5411699383,1782.9888882473,0,68,143411.2888603657,2026-03-25T11:28:49.001185+02:00,1784.0161382646,321.2470196298,615.8695489494,,0,0,Windastic,TERM-USD,0
1303,7,2025-07-07,297.3360230441,89200.8069132444,16062.3509814924,2081.3521613091,30793.4774474763,102.6449248249,3890.2934164652,53.5411699383,1836.5300581856,0,69,143864.810978173,2026-03-25T12:00:18.328255+02:00,2081.3521613087,374.7881895681,718.5144737743,,0,0,Windastic,TERM-USD,0
1210,8,2025-06-30,3.427543451,1028.2630353062,24.3685436412,51.4131517654,212.6655207102,0.708885069,20.464968122,0.0812284788,2.4483247642,0,47,1339.6235443092,2026-03-23T19:01:12.910826+02:00,51.413151765,1.218427182,10.633276035,,0,0,test,TERM-USD,0
1234,8,2025-07-01,3.427543451,1028.2630353062,24.3685436412,54.8406952164,212.6655207102,0.708885069,21.173853191,0.0812284788,2.529553243,0,48,1343.841201308,2026-03-25T11:25:44.089152+02:00,54.840695216,1.2996556608,11.342161104,,0,0,test,TERM-USD,0
1244,8,2025-07-02,3.427543451,1028.2630353062,24.3685436412,58.2682386674,212.6655207102,0.708885069,21.88273826,0.0812284788,2.6107817218,0,49,1348.0588583068,2026-03-25T11:26:24.247588+02:00,58.268238667,1.3808841396,12.051046173,,0,0,test,TERM-USD,0
1254,8,2025-07-03,3.427543451,1028.2630353062,24.3685436412,61.6957821184,212.6655207102,0.708885069,22.591623329,0.0812284788,2.6920102006,0,50,1352.2765153056,2026-03-25T11:26:39.669107+02:00,61.695782118,1.4621126184,12.759931242,,0,0,test,TERM-USD,0
1264,8,2025-07-04,3.427543451,1028.2630353062,24.3685436412,65.1233255694,212.6655207102,0.708885069,23.300508398,0.0812284788,2.7732386794,0,51,1356.4941723044,2026-03-25T11:28:07.989208+02:00,65.123325569,1.5433410972,13.468816311,,0,0,test,TERM-USD,0
1274,8,2025-07-05,3.427543451,1028.2630353062,24.3685436412,68.5508690204,212.6655207102,0.708885069,24.009393467,0.0812284788,2.8544671582,0,52,1360.7118293032,2026-03-25T11:28:18.822580+02:00,68.55086902,1.624569576,14.17770138,,0,0,test,TERM-USD,0
1284,8,2025-07-06,3.427543451,1028.2630353062,24.3685436412,71.9784124714,212.6655207102,0.708885069,24.718278536,0.0812284788,2.935695637,0,53,1364.929486302,2026-03-25T11:28:49.256358+02:00,71.978412471,1.7057980548,14.886586449,,0,0,test,TERM-USD,0
1304,8,2025-07-07,3.427543451,1028.2630353062,24.3685436412,75.4059559224,212.6655207102,0.708885069,25.427163605,0.0812284788,3.0169241158,0,54,1369.1471433008,2026-03-25T12:00:18.447878+02:00,75.405955922,1.7870265336,15.595471518,,0,0,test,TERM-USD,0
1211,9,2025-06-30,175.4385964912,52631.5789473684,0,0,10701.7543859649,35.6725146199,488.8888888899,0,0,0,31,63822.2222222232,2026-03-23T19:01:13.106104+02:00,5263.157894736,0,488.8888888899,,0,0,test,TERM-USD,0
1235,9,2025-07-01,175.4385964912,52631.5789473684,0,175.4385964912,10701.7543859649,35.6725146199,524.5614035098,0,0,0,32,64033.3333333343,2026-03-25T11:25:44.204054+02:00,175.4385964912,0,35.6725146199,,0,0,test,TERM-USD,0
1245,9,2025-07-02,175.4385964912,52631.5789473684,0,350.8771929824,10701.7543859649,35.6725146199,560.2339181297,0,0,0,33,64244.4444444454,2026-03-25T11:26:24.344342+02:00,350.8771929824,0,71.3450292398,,0,0,test,TERM-USD,0
1255,9,2025-07-03,175.4385964912,52631.5789473684,0,526.3157894736,10701.7543859649,35.6725146199,595.9064327496,0,0,0,34,64455.5555555565,2026-03-25T11:26:39.883074+02:00,526.3157894736,0,107.0175438597,,0,0,test,TERM-USD,0
1265,9,2025-07-04,175.4385964912,52631.5789473684,0,701.7543859648,10701.7543859649,35.6725146199,631.5789473695,0,0,0,35,64666.6666666676,2026-03-25T11:28:08.093650+02:00,701.7543859648,0,142.6900584796,,0,0,test,TERM-USD,0
1275,9,2025-07-05,175.4385964912,52631.5789473684,0,877.192982456,10701.7543859649,35.6725146199,667.2514619894,0,0,0,36,64877.7777777787,2026-03-25T11:28:18.924141+02:00,877.192982456,0,178.3625730995,,0,0,test,TERM-USD,0
1285,9,2025-07-06,175.4385964912,52631.5789473684,0,1052.6315789472,10701.7543859649,35.6725146199,702.9239766093,0,0,0,37,65088.8888888898,2026-03-25T11:28:49.356905+02:00,1052.6315789472,0,214.0350877194,,0,0,test,TERM-USD,0
1292,9,2025-07-07,175.4385964912,52631.5789473684,0,1228.0701754384,10701.7543859649,35.6725146199,738.5964912292,0,0,0,38,65300.0000000009,2026-03-25T11:38:41.840625+02:00,1228.0701754384,0,249.7076023393,,0,0,test,TERM-USD,0
1341,9,2025-07-08,175.4385964912,52631.5789473684,0,1403.5087719296,10701.7543859649,35.6725146199,774.2690058491,0,0,0,39,65511.111111112,2026-03-25T19:19:57.297912+02:00,1403.5087719296,0,285.3801169592,,0,0,test,TERM-USD,0
1476,9,2025-07-09,175.4385964912,52631.5789473684,0,1578.9473684208,10701.7543859649,35.6725146199,809.941520469,0,0,0,40,65722.2222222231,2026-03-26T07:24:04.607737+02:00,1578.9473684208,0,321.0526315791,,0,0,test,TERM-USD,0
1477,9,2025-07-10,175.4385964912,52631.5789473684,0,1754.385964912,10701.7543859649,35.6725146199,845.6140350889,0,0,0,41,65933.3333333342,2026-03-26T07:24:04.929755+02:00,1754.385964912,0,356.725146199,,0,0,test,TERM-USD,0
1478,9,2025-07-11,175.4385964912,52631.5789473684,0,1929.8245614032,10701.7543859649,35.6725146199,881.2865497088,0,0,0,42,66144.4444444453,2026-03-26T07:24:05.238882+02:00,1929.8245614032,0,392.3976608189,,0,0,test,TERM-USD,0
1479,9,2025-07-12,175.4385964912,52631.5789473684,0,2105.2631578944,10701.7543859649,35.6725146199,916.9590643287,0,0,0,43,66355.5555555564,2026-03-26T07:24:05.516438+02:00,2105.2631578944,0,428.0701754388,,0,0,test,TERM-USD,0
1480,9,2025-07-13,175.4385964912,52631.5789473684,0,2280.7017543856,10701.7543859649,35.6725146199,952.6315789486,0,0,0,44,66566.6666666675,2026-03-26T07:24:05.782579+02:00,2280.7017543856,0,463.7426900587,,0,0,test,TERM-USD,0
1481,9,2025-07-14,175.4385964912,52631.5789473684,0,2456.1403508768,10701.7543859649,35.6725146199,988.3040935685,0,0,0,45,66777.7777777786,2026-03-26T07:24:06.049897+02:00,2456.1403508768,0,499.4152046786,,0,0,test,TERM-USD,0
1482,9,2025-07-15,175.4385964912,52631.5789473684,0,2631.578947368,10701.7543859649,35.6725146199,1023.9766081884,0,0,0,46,66988.8888888897,2026-03-26T07:24:06.417659+02:00,2631.578947368,0,535.0877192985,,0,0,test,TERM-USD,0
1483,9,2025-07-16,175.4385964912,52631.5789473684,0,2807.0175438592,10701.7543859649,35.6725146199,1059.6491228083,0,0,0,47,67200.0000000008,2026-03-26T07:24:06.579118+02:00,2807.0175438592,0,570.7602339184,,0,0,test,TERM-USD,0
1484,9,2025-07-17,175.4385964912,52631.5789473684,0,2982.4561403504,10701.7543859649,35.6725146199,1095.3216374282,0,0,0,48,67411.1111111119,2026-03-26T07:24:06.732999+02:00,2982.4561403504,0,606.4327485383,,0,0,test,TERM-USD,0
1485,9,2025-07-18,175.4385964912,52631.5789473684,0,3157.8947368416,10701.7543859649,35.6725146199,1130.9941520481,0,0,0,49,67622.222222223,2026-03-26T07:24:07.137441+02:00,3157.8947368416,0,642.1052631582,,0,0,test,TERM-USD,0
1486,9,2025-07-19,175.4385964912,52631.5789473684,0,3333.3333333328,10701.7543859649,35.6725146199,1166.666666668,0,0,0,50,67833.3333333341,2026-03-26T07:24:07.423123+02:00,3333.3333333328,0,677.7777777781,,0,0,test,TERM-USD,0
1487,9,2025-07-20,175.4385964912,52631.5789473684,0,3508.771929824,10701.7543859649,35.6725146199,1202.3391812879,0,0,0,51,68044.4444444452,2026-03-26T07:24:07.826184+02:00,3508.771929824,0,713.450292398,,0,0,test,TERM-USD,0
1488,9,2025-07-21,175.4385964912,52631.5789473684,0,3684.2105263152,10701.7543859649,35.6725146199,1238.0116959078,0,0,0,52,68255.5555555563,2026-03-26T07:24:07.993882+02:00,3684.2105263152,0,749.1228070179,,0,0,test,TERM-USD,0
1489,9,2025-07-22,175.4385964912,52631.5789473684,0,3859.6491228064,10701.7543859649,35.6725146199,1273.6842105277,0,0,0,53,68466.6666666674,2026-03-26T07:24:08.278258+02:00,3859.6491228064,0,784.7953216378,,0,0,test,TERM-USD,0
1490,9,2025-07-23,175.4385964912,52631.5789473684,0,4035.0877192976,10701.7543859649,35.6725146199,1309.3567251476,0,0,0,54,68677.7777777785,2026-03-26T07:24:08.718827+02:00,4035.0877192976,0,820.4678362577,,0,0,test,TERM-USD,0
1491,9,2025-07-24,175.4385964912,52631.5789473684,0,4210.5263157888,10701.7543859649,35.6725146199,1345.0292397675,0,0,0,55,68888.8888888896,2026-03-26T07:24:08.879299+02:00,4210.5263157888,0,856.1403508776,,0,0,test,TERM-USD,0
1492,9,2025-07-25,175.4385964912,52631.5789473684,0,4385.96491228,10701.7543859649,35.6725146199,1380.7017543874,0,0,0,56,69100.0000000007,2026-03-26T07:24:09.177404+02:00,4385.96491228,0,891.8128654975,,0,0,test,TERM-USD,0
1493,9,2025-07-26,175.4385964912,52631.5789473684,0,4561.4035087712,10701.7543859649,35.6725146199,1416.3742690073,0,0,0,57,69311.1111111118,2026-03-26T07:24:09.352396+02:00,4561.4035087712,0,927.4853801174,,0,0,test,TERM-USD,0
1494,9,2025-07-27,175.4385964912,52631.5789473684,0,4736.8421052624,10701.7543859649,35.6725146199,1452.0467836272,0,0,0,58,69522.2222222229,2026-03-26T07:24:09.793057+02:00,4736.8421052624,0,963.1578947373,,0,0,test,TERM-USD,0
1495,9,2025-07-28,175.4385964912,52631.5789473684,0,4912.2807017536,10701.7543859649,35.6725146199,1487.7192982471,0,0,0,59,69733.333333334,2026-03-26T07:24:10.068789+02:00,4912.2807017536,0,998.8304093572,,0,0,test,TERM-USD,0
1496,9,2025-07-29,175.4385964912,52631.5789473684,0,5087.7192982448,10701.7543859649,35.6725146199,1523.391812867,0,0,0,60,69944.4444444451,2026-03-26T07:24:10.224270+02:00,5087.7192982448,0,1034.5029239771,,0,0,test,TERM-USD,0
1497,9,2025-07-30,175.4385964912,52631.5789473684,0,5263.157894736,10701.7543859649,35.6725146199,1559.0643274869,0,0,0,61,70155.5555555562,2026-03-26T07:24:10.519867+02:00,5263.157894736,0,1070.175438597,,0,0,test,TERM-USD,0
1498,9,2025-07-31,175.4385964912,52631.5789473684,0,0,16140.350877193,53.8011695906,1612.8654970775,0,0,0,62,70384.7953216389,2026-03-26T07:24:10.842082+02:00,5438.5964912272,0,1123.9766081876,,0,0,test,TERM-USD,0
1499,9,2025-08-01,175.4385964912,52631.5789473684,0,175.4385964912,16140.350877193,53.8011695906,1666.6666666681,0,0,0,63,70614.0350877207,2026-03-26T07:24:11.132372+02:00,175.4385964912,0,53.8011695906,,0,0,test,TERM-USD,0
1500,9,2025-08-02,175.4385964912,52631.5789473684,0,350.8771929824,16140.350877193,53.8011695906,1720.4678362587,0,0,0,64,70843.2748538025,2026-03-26T07:24:11.288470+02:00,350.8771929824,0,107.6023391812,,0,0,test,TERM-USD,0
1501,9,2025-08-03,175.4385964912,52631.5789473684,0,526.3157894736,16140.350877193,53.8011695906,1774.2690058493,0,0,0,65,71072.5146198843,2026-03-26T07:24:11.445849+02:00,526.3157894736,0,161.4035087718,,0,0,test,TERM-USD,0
1502,9,2025-08-04,175.4385964912,52631.5789473684,0,701.7543859648,16140.350877193,53.8011695906,1828.0701754399,0,0,0,66,71301.7543859661,2026-03-26T07:24:11.596706+02:00,701.7543859648,0,215.2046783624,,0,0,test,TERM-USD,0
1503,9,2025-08-05,175.4385964912,52631.5789473684,0,877.192982456,16140.350877193,53.8011695906,1881.8713450305,0,0,0,67,71530.9941520479,2026-03-26T07:24:11.850444+02:00,877.192982456,0,269.005847953,,0,0,test,TERM-USD,0
1504,9,2025-08-06,175.4385964912,52631.5789473684,0,1052.6315789472,16140.350877193,53.8011695906,1935.6725146211,0,0,0,68,71760.2339181297,2026-03-26T07:24:12.006209+02:00,1052.6315789472,0,322.8070175436,,0,0,test,TERM-USD,0
1505,9,2025-08-07,175.4385964912,52631.5789473684,0,1228.0701754384,16140.350877193,53.8011695906,1989.4736842117,0,0,0,69,71989.4736842115,2026-03-26T07:24:12.172589+02:00,1228.0701754384,0,376.6081871342,,0,0,test,TERM-USD,0
1506,9,2025-08-08,175.4385964912,52631.5789473684,0,1403.5087719296,16140.350877193,53.8011695906,2043.2748538023,0,0,0,70,72218.7134502933,2026-03-26T07:24:12.593087+02:00,1403.5087719296,0,430.4093567248,,0,0,test,TERM-USD,0
1507,9,2025-08-09,175.4385964912,52631.5789473684,0,1578.9473684208,16140.350877193,53.8011695906,2097.0760233929,0,0,0,71,72447.9532163751,2026-03-26T07:24:12.763544+02:00,1578.9473684208,0,484.2105263154,,0,0,test,TERM-USD,0
1508,9,2025-08-10,175.4385964912,52631.5789473684,0,1754.385964912,16140.350877193,53.8011695906,2150.8771929835,0,0,0,72,72677.1929824569,2026-03-26T07:24:13.092933+02:00,1754.385964912,0,538.011695906,,0,0,test,TERM-USD,0
1509,9,2025-08-11,175.4385964912,52631.5789473684,0,1929.8245614032,16140.350877193,53.8011695906,2204.6783625741,0,0,0,73,72906.4327485387,2026-03-26T07:24:13.422745+02:00,1929.8245614032,0,591.8128654966,,0,0,test,TERM-USD,0
1510,9,2025-08-12,175.4385964912,52631.5789473684,0,2105.2631578944,16140.350877193,53.8011695906,2258.4795321647,0,0,0,74,73135.6725146205,2026-03-26T07:24:13.682641+02:00,2105.2631578944,0,645.6140350872,,0,0,test,TERM-USD,0
1511,9,2025-08-13,175.4385964912,52631.5789473684,0,2280.7017543856,16140.350877193,53.8011695906,2312.2807017553,0,0,0,75,73364.9122807023,2026-03-26T07:24:13.840612+02:00,2280.7017543856,0,699.4152046778,,0,0,test,TERM-USD,0
1512,9,2025-08-14,175.4385964912,52631.5789473684,0,2456.1403508768,16140.350877193,53.8011695906,2366.0818713459,0,0,0,76,73594.1520467841,2026-03-26T07:24:14.120850+02:00,2456.1403508768,0,753.2163742684,,0,0,test,TERM-USD,0
1513,9,2025-08-15,175.4385964912,52631.5789473684,0,2631.578947368,16140.350877193,53.8011695906,2419.8830409365,0,0,0,77,73823.3918128659,2026-03-26T07:24:14.463582+02:00,2631.578947368,0,807.017543859,,0,0,test,TERM-USD,0
1514,9,2025-08-16,175.4385964912,52631.5789473684,0,2807.0175438592,16140.350877193,53.8011695906,2473.6842105271,0,0,0,78,74052.6315789477,2026-03-26T07:24:14.738889+02:00,2807.0175438592,0,860.8187134496,,0,0,test,TERM-USD,0
1515,9,2025-08-17,175.4385964912,52631.5789473684,0,2982.4561403504,16140.350877193,53.8011695906,2527.4853801177,0,0,0,79,74281.8713450295,2026-03-26T07:24:14.891821+02:00,2982.4561403504,0,914.6198830402,,0,0,test,TERM-USD,0
1516,9,2025-08-18,175.4385964912,52631.5789473684,0,3157.8947368416,16140.350877193,53.8011695906,2581.2865497083,0,0,0,80,74511.1111111113,2026-03-26T07:24:15.068049+02:00,3157.8947368416,0,968.4210526308,,0,0,test,TERM-USD,0
1517,9,2025-08-19,175.4385964912,52631.5789473684,0,3333.3333333328,16140.350877193,53.8011695906,2635.0877192989,0,0,0,81,74740.3508771931,2026-03-26T07:24:15.366135+02:00,3333.3333333328,0,1022.2222222214,,0,0,test,TERM-USD,0
1518,9,2025-08-20,175.4385964912,52631.5789473684,0,3508.771929824,16140.350877193,53.8011695906,2688.8888888895,0,0,0,82,74969.5906432749,2026-03-26T07:24:15.538654+02:00,3508.771929824,0,1076.023391812,,0,0,test,TERM-USD,0
1519,9,2025-08-21,175.4385964912,52631.5789473684,0,3684.2105263152,16140.350877193,53.8011695906,2742.6900584801,0,0,0,83,75198.8304093567,2026-03-26T07:24:15.692678+02:00,3684.2105263152,0,1129.8245614026,,0,0,test,TERM-USD,0
1520,9,2025-08-22,175.4385964912,52631.5789473684,0,3859.6491228064,16140.350877193,53.8011695906,2796.4912280707,0,0,0,84,75428.0701754385,2026-03-26T07:24:15.966960+02:00,3859.6491228064,0,1183.6257309932,,0,0,test,TERM-USD,0
1521,9,2025-08-23,175.4385964912,52631.5789473684,0,4035.0877192976,16140.350877193,53.8011695906,2850.2923976613,0,0,0,85,75657.3099415203,2026-03-26T07:24:16.270013+02:00,4035.0877192976,0,1237.4269005838,,0,0,test,TERM-USD,0
1522,9,2025-08-24,175.4385964912,52631.5789473684,0,4210.5263157888,16140.350877193,53.8011695906,2904.0935672519,0,0,0,86,75886.5497076021,2026-03-26T07:24:16.422235+02:00,4210.5263157888,0,1291.2280701744,,0,0,test,TERM-USD,0
1523,9,2025-08-25,175.4385964912,52631.5789473684,0,4385.96491228,16140.350877193,53.8011695906,2957.8947368425,0,0,0,87,76115.7894736839,2026-03-26T07:24:16.576538+02:00,4385.96491228,0,1345.029239765,,0,0,test,TERM-USD,0
1524,9,2025-08-26,175.4385964912,52631.5789473684,0,4561.4035087712,16140.350877193,53.8011695906,3011.6959064331,0,0,0,88,76345.0292397657,2026-03-26T07:24:16.789423+02:00,4561.4035087712,0,1398.8304093556,,0,0,test,TERM-USD,0
1525,9,2025-08-27,175.4385964912,52631.5789473684,0,4736.8421052624,16140.350877193,53.8011695906,3065.4970760237,0,0,0,89,76574.2690058475,2026-03-26T07:24:17.373399+02:00,4736.8421052624,0,1452.6315789462,,0,0,test,TERM-USD,0
1526,9,2025-08-28,175.4385964912,52631.5789473684,0,4912.2807017536,16140.350877193,53.8011695906,3119.2982456143,0,0,0,90,76803.5087719293,2026-03-26T07:24:17.703987+02:00,4912.2807017536,0,1506.4327485368,,0,0,test,TERM-USD,0
1527,9,2025-08-29,175.4385964912,52631.5789473684,0,5087.7192982448,16140.350877193,53.8011695906,3173.0994152049,0,0,0,91,77032.7485380111,2026-03-26T07:24:17.856202+02:00,5087.7192982448,0,1560.2339181274,,0,0,test,TERM-USD,0
1528,9,2025-08-30,175.4385964912,52631.5789473684,0,5263.157894736,16140.350877193,53.8011695906,3226.9005847955,0,0,0,92,77261.9883040929,2026-03-26T07:24:18.113088+02:00,5263.157894736,0,1614.035087718,,0,0,test,TERM-USD,0
1529,9,2025-08-31,175.4385964912,36822.7119904155,15808.8669569529,0,21578.9473684211,71.9298245614,3298.8304093569,52.6962231898,52.6962231898,0,93,77562.0529483362,2026-03-26T07:24:18.394150+02:00,5438.5964912272,52.6962231898,1685.9649122794,,0,0,test,TERM-USD,0
1212,10,2025-06-30,242.7333333333,66000,0,3883.7333333328,6820,22.7333333333,272.7999999996,0,0,0,17,76976.5333333324,2026-03-23T19:01:13.464284+02:00,3883.7333333328,0,272.7999999996,,0,0,Upenyu Moyo,TERM-USD,0
1236,10,2025-07-01,242.7333333333,66000,0,4126.4666666661,6820,22.7333333333,295.5333333329,0,0,0,18,77241.999999999,2026-03-25T11:25:44.442005+02:00,4126.4666666661,0,295.5333333329,,0,0,Upenyu Moyo,TERM-USD,0
1246,10,2025-07-02,242.7333333333,66000,0,4369.1999999994,6820,22.7333333333,318.2666666662,0,0,0,19,77507.4666666656,2026-03-25T11:26:24.439918+02:00,4369.1999999994,0,318.2666666662,,0,0,Upenyu Moyo,TERM-USD,0
1256,10,2025-07-03,242.7333333333,66000,0,4611.9333333327,6820,22.7333333333,340.9999999995,0,0,0,20,77772.9333333322,2026-03-25T11:26:40.106232+02:00,4611.9333333327,0,340.9999999995,,0,0,Upenyu Moyo,TERM-USD,0
1266,10,2025-07-04,242.7333333333,66000,0,4854.666666666,6820,22.7333333333,363.7333333328,0,0,0,21,78038.3999999988,2026-03-25T11:28:08.192380+02:00,4854.666666666,0,363.7333333328,,0,0,Upenyu Moyo,TERM-USD,0
1276,10,2025-07-05,242.7333333333,66000,0,5097.3999999993,6820,22.7333333333,386.4666666661,0,0,0,22,78303.8666666654,2026-03-25T11:28:19.117490+02:00,5097.3999999993,0,386.4666666661,,0,0,Upenyu Moyo,TERM-USD,0
1286,10,2025-07-06,242.7333333333,66000,0,5340.1333333326,6820,22.7333333333,409.1999999994,0,0,0,23,78569.333333332,2026-03-25T11:28:49.448411+02:00,5340.1333333326,0,409.1999999994,,0,0,Upenyu Moyo,TERM-USD,0
1306,10,2025-07-07,242.7333333333,66000,0,5582.8666666659,6820,22.7333333333,431.9333333327,0,0,0,24,78834.7999999986,2026-03-25T12:00:18.786117+02:00,5582.8666666659,0,431.9333333327,,0,0,Upenyu Moyo,TERM-USD,0
